book_id,user_id,rating
28,1,2.5
2,1,3.5
1,1,3.5
3,1,3.5
11,1,3.0
24,1,5.0
5,2,1.0
6,2,0.5
21,2,3.5
26,2,3.0
106,2,2.0
275,2,2.5
30,3,4.0
33,3,4.0
295,3,4.0
415,3,2.0
656,3,3.0
6,4,4.5
3,4,3.5
27,4,3.0
29,4,2.0
36,4,4.5
249,4,3.5
998,5,4.0
706,5,4.0
231,5,4.0
5,5,3.5
428,5,4.5
378,5,4.0
24,5,3.0
432,6,4.5
703,6,1.5
29,6,2.5
428,6,0.5
386,6,1.5
698,6,3.5
2,6,4.0
900,6,4.0
902,6,4.0
291,6,0.5
291,7,4.5
34,7,1.0
629,7,2.5
428,7,1.0
432,7,4.0
231,7,0.5
67,7,2.0
249,7,1.0
597,7,5.0
424,7,4.5
5,8,1.0
295,8,2.5
33,8,5.0
275,8,4.5
656,8,1.5
400,8,0.5
106,8,1.5
33,8,4.5
825,8,4.0
304,8,4.5
112,9,2.0
231,9,1.0
1,9,2.5
250,9,2.0
960,9,2.0
25,9,2.5
840,9,5.0
621,9,3.0
400,9,4.0
960,9,3.0
890,10,2.0
822,10,2.5
112,10,4.0
3,10,0.5
900,10,3.5
275,10,4.0
428,10,1.5
1,10,2.5
447,10,1.0
320,10,1.5
447,11,1.5
665,11,0.5
902,11,1.5
676,11,2.5
30,11,1.5
902,11,1.5
424,11,1.5
357,11,2.0
424,11,4.5
976,11,4.0
98,12,3.5
960,12,1.0
475,12,4.0
665,12,3.0
830,12,3.0
295,12,3.5
10,12,2.0
903,12,3.5
378,12,2.5
10,12,3.5
668,13,5.0
825,13,3.5
830,13,2.5
823,13,1.0
475,13,1.5
249,13,4.5
1,13,4.0
365,13,2.5
676,13,4.0
2,13,5.0
360,14,1.5
840,14,1.5
816,14,3.5
976,14,4.0
106,14,2.0
106,14,1.5
952,14,1.5
823,14,3.5
822,14,1.5
475,14,1.5
6,15,4.0
902,15,3.0
30,15,3.5
98,15,3.0
343,15,0.5
231,15,2.0
5,15,4.0
703,15,1.5
662,15,3.0
424,15,1.5
816,16,2.5
827,16,1.0
106,16,3.5
903,16,4.5
365,16,0.5
890,16,1.5
291,16,2.0
676,16,1.5
36,16,3.0
291,16,4.0
93,17,4.5
93,17,2.5
249,17,4.5
2,17,4.0
900,17,4.5
662,17,5.0
415,17,4.5
668,17,4.5
21,17,3.5
870,17,4.5
599,18,2.5
8,18,1.5
304,18,4.5
900,18,4.0
706,18,4.5
456,18,2.0
11,18,3.0
823,18,2.5
823,18,1.5
830,18,2.0
353,19,2.0
26,19,4.0
424,19,4.0
880,19,4.5
428,19,0.5
880,19,5.0
348,19,4.0
449,19,0.5
665,19,3.0
343,19,4.5
760,20,4.5
359,20,2.0
656,20,3.0
11,20,1.0
629,20,4.5
456,20,0.5
415,20,1.5
5,20,2.0
117,20,1.0
428,20,2.5
475,21,4.0
446,21,0.5
665,21,3.5
10,21,2.0
6,21,1.0
597,21,2.5
647,21,4.5
621,21,3.5
360,21,0.5
823,21,3.0
320,22,5.0
968,22,2.0
446,22,2.5
599,22,1.0
122,22,3.5
320,22,1.5
350,22,5.0
28,22,5.0
475,22,5.0
400,22,1.5
668,23,1.5
320,23,4.5
823,23,2.5
275,23,3.0
665,23,2.0
424,23,5.0
629,23,2.5
21,23,0.5
830,23,5.0
353,23,4.0
25,24,5.0
976,24,1.0
6,24,3.0
415,24,5.0
825,24,4.0
475,24,1.5
295,24,3.5
11,24,1.5
355,24,3.0
117,24,5.0
359,25,0.5
357,25,2.5
446,25,5.0
647,25,1.5
98,25,5.0
902,25,2.5
703,25,2.0
703,25,1.5
117,25,3.0
431,25,1.5
348,26,4.0
840,26,2.5
816,26,3.5
960,26,4.5
449,26,0.5
3,26,2.0
365,26,0.5
823,26,4.5
5,26,3.0
880,26,5.0
431,27,1.5
50,27,4.5
105,27,1.5
998,27,5.0
26,27,1.0
36,27,5.0
968,27,1.5
295,27,4.5
597,27,3.0
446,27,0.5
662,28,3.5
231,28,1.0
998,28,4.0
122,28,2.0
25,28,4.5
890,28,5.0
816,28,2.5
291,28,3.5
698,28,4.0
6,28,5.0
656,29,0.5
355,29,3.5
825,29,3.0
424,29,0.5
355,29,0.5
8,29,2.0
231,29,3.5
662,29,2.0
822,29,4.0
698,29,5.0
67,30,4.5
400,30,3.5
599,30,3.5
106,30,2.5
629,30,5.0
665,30,4.0
698,30,4.0
30,30,4.5
26,30,3.0
870,30,2.0
424,31,4.5
475,31,4.0
291,31,2.5
365,31,4.0
668,31,3.0
250,31,1.0
431,31,1.0
5,31,3.5
400,31,3.0
475,31,2.0
3,32,2.5
365,32,1.0
25,32,3.5
29,32,3.5
662,32,5.0
816,32,3.0
11,32,3.0
25,32,4.0
823,32,4.0
1,32,1.5
698,33,4.0
360,33,1.0
665,33,1.5
357,33,1.5
870,33,2.0
475,33,2.5
960,33,3.0
629,33,3.5
378,33,1.0
656,33,4.5
360,34,2.5
449,34,5.0
706,34,4.5
26,34,1.0
400,34,2.0
98,34,4.0
27,34,4.5
900,34,0.5
771,34,1.0
365,34,5.0
117,35,3.0
960,35,2.5
360,35,4.5
597,35,3.5
3,35,3.5
98,35,2.0
360,35,2.5
291,35,2.5
823,35,2.0
50,35,4.5
668,36,5.0
365,36,1.0
24,36,5.0
880,36,3.0
400,36,3.0
431,36,3.0
10,36,2.5
10,36,5.0
647,36,3.0
249,36,1.5
295,37,3.0
27,37,3.0
698,37,0.5
275,37,3.0
870,37,2.0
428,37,3.0
952,37,1.5
865,37,1.5
33,37,5.0
26,37,2.0
264,38,4.0
231,38,4.0
952,38,1.5
250,38,1.5
865,38,0.5
960,38,2.5
706,38,1.0
825,38,0.5
647,38,3.5
822,38,1.0
355,39,0.5
424,39,1.0
656,39,4.0
359,39,3.5
865,39,1.0
378,39,4.5
28,39,1.5
33,39,3.0
825,39,3.5
67,39,4.5
621,40,1.5
378,40,3.5
264,40,1.5
431,40,3.5
378,40,5.0
902,40,2.5
662,40,2.5
415,40,1.0
5,40,2.0
667,40,1.0
26,41,3.5
348,41,3.5
350,41,5.0
304,41,3.5
449,41,1.5
880,41,2.5
816,41,2.5
629,41,5.0
415,41,4.5
656,41,2.5
599,42,0.5
98,42,1.5
703,42,1.5
291,42,0.5
870,42,0.5
378,42,5.0
960,42,2.0
250,42,4.5
117,42,4.5
106,42,4.5
10,43,0.5
3,43,3.5
13,43,3.0
976,43,1.5
6,43,1.0
119,43,2.5
703,43,4.5
830,43,5.0
456,43,2.5
320,43,1.5
1,44,1.0
291,44,1.5
33,44,4.0
823,44,0.5
295,44,5.0
320,44,0.5
816,44,0.5
668,44,3.5
822,44,4.0
656,44,4.5
6,45,4.0
647,45,1.5
119,45,1.5
968,45,3.5
665,45,4.0
870,45,3.0
291,45,4.5
424,45,3.0
698,45,2.0
428,45,5.0
350,46,2.5
21,46,3.0
231,46,1.0
50,46,4.5
930,46,4.0
264,46,5.0
629,46,3.5
122,46,3.5
3,46,4.0
760,46,4.5
105,47,1.5
432,47,4.5
475,47,1.0
6,47,1.0
870,47,0.5
320,47,5.0
621,47,1.0
902,47,4.0
93,47,2.5
447,47,4.5
13,48,2.5
29,48,4.0
106,48,3.5
21,48,1.0
275,48,3.0
275,48,5.0
706,48,3.0
365,48,5.0
816,48,1.0
662,48,2.0
355,49,1.0
960,49,2.0
112,49,3.0
29,49,3.5
122,49,3.0
447,49,2.5
275,49,1.5
830,49,3.5
10,49,1.0
816,49,2.0
119,50,4.5
676,50,1.0
343,50,4.0
33,50,1.0
119,50,0.5
8,50,2.5
668,50,4.0
6,50,0.5
357,50,5.0
378,50,2.5
291,51,2.0
597,51,4.0
360,51,4.0
275,51,3.0
446,51,3.0
456,51,1.0
597,51,5.0
629,51,1.0
25,51,0.5
249,51,1.0
386,52,5.0
449,52,1.5
11,52,1.5
952,52,2.5
825,52,4.5
456,52,4.0
13,52,1.5
902,52,4.5
662,52,5.0
365,52,4.5
117,53,3.5
26,53,5.0
424,53,2.5
106,53,1.0
386,53,3.5
355,53,3.5
10,53,4.0
840,53,2.0
621,53,2.5
386,53,5.0
698,54,3.5
890,54,4.0
968,54,4.0
27,54,4.5
8,54,3.0
231,54,2.0
449,54,5.0
67,54,3.5
24,54,3.0
33,54,2.0
359,55,4.0
698,55,4.0
668,55,2.5
656,55,3.5
28,55,1.5
304,55,3.5
665,55,5.0
295,55,2.0
30,55,3.5
629,55,4.5
93,56,2.0
67,56,4.5
291,56,5.0
621,56,5.0
26,56,2.0
357,56,2.0
98,56,2.0
386,56,1.5
930,56,2.5
900,56,2.5
343,57,2.0
930,57,1.0
865,57,2.5
119,57,2.0
112,57,1.5
348,57,4.0
706,57,5.0
30,57,2.0
865,57,4.0
446,57,2.5
291,58,4.5
656,58,1.0
295,58,4.0
760,58,3.5
33,58,3.5
827,58,2.0
446,58,3.0
30,58,2.5
27,58,5.0
30,58,0.5
112,59,4.5
825,59,4.5
28,59,1.0
415,59,4.0
706,59,4.0
33,59,2.5
822,59,3.0
50,59,4.5
446,59,1.5
703,59,2.5
656,60,3.0
428,60,3.5
365,60,1.0
353,60,3.5
50,60,5.0
960,60,4.0
5,60,2.5
67,60,0.5
676,60,3.5
960,60,1.5
365,61,0.5
3,61,0.5
900,61,3.0
400,61,3.5
665,61,0.5
112,61,4.5
353,61,0.5
900,61,0.5
667,61,4.0
880,61,0.5
343,62,3.0
667,62,2.5
359,62,4.5
662,62,0.5
357,62,3.0
400,62,3.0
36,62,3.5
249,62,4.0
28,62,5.0
386,62,2.5
28,63,4.0
597,63,1.0
902,63,1.0
662,63,2.0
998,63,1.0
952,63,3.0
597,63,4.0
13,63,3.0
50,63,5.0
668,63,2.5
250,64,3.0
26,64,3.5
119,64,0.5
93,64,4.0
343,64,1.0
50,64,2.0
28,64,3.0
359,64,2.0
880,64,2.0
2,64,1.0
98,65,4.0
8,65,3.0
355,65,4.0
830,65,3.0
33,65,1.5
231,65,1.5
456,65,1.5
827,65,2.0
446,65,5.0
822,65,1.5
424,66,1.0
903,66,2.0
428,66,4.5
27,66,3.0
830,66,3.0
378,66,2.5
1,66,4.5
760,66,3.0
952,66,5.0
295,66,3.5
976,67,1.0
291,67,2.5
976,67,4.5
29,67,0.5
112,67,4.5
431,67,3.0
431,67,3.0
34,67,2.0
67,67,3.5
415,67,2.5
703,68,3.5
475,68,4.5
264,68,5.0
365,68,4.5
597,68,0.5
629,68,4.5
968,68,4.5
1,68,2.5
822,68,2.0
998,68,2.5
902,69,2.0
295,69,1.0
890,69,3.5
250,69,1.0
350,69,1.5
117,69,2.0
415,69,4.5
249,69,5.0
98,69,4.5
378,69,5.0
353,70,3.5
106,70,4.0
10,70,1.5
355,70,5.0
67,70,1.0
365,70,4.0
760,70,4.5
960,70,1.0
359,70,2.5
8,70,2.0
359,71,2.5
415,71,4.5
106,71,4.5
665,71,4.5
11,71,0.5
25,71,1.5
386,71,5.0
249,71,0.5
348,71,3.5
599,71,2.0
13,72,1.5
676,72,3.5
952,72,2.0
415,72,1.5
900,72,4.5
621,72,4.5
25,72,1.5
13,72,3.0
21,72,1.0
676,72,4.5
28,73,5.0
662,73,0.5
343,73,4.5
348,73,3.0
428,73,4.0
353,73,4.5
976,73,4.0
952,73,3.5
902,73,0.5
446,73,5.0
10,74,5.0
112,74,1.0
703,74,3.0
25,74,3.5
698,74,2.5
231,74,1.0
122,74,0.5
8,74,3.0
5,74,0.5
400,74,4.0
119,75,4.0
952,75,3.5
952,75,4.0
29,75,2.0
112,75,4.5
24,75,4.5
21,75,1.0
5,75,2.0
117,75,2.0
599,75,1.0
10,76,2.0
30,76,2.0
50,76,1.0
264,76,4.5
960,76,0.5
930,76,1.0
33,76,4.0
431,76,2.5
5,76,4.5
900,76,3.0
656,77,2.0
8,77,0.5
25,77,4.0
343,77,1.0
952,77,3.5
365,77,2.0
446,77,1.0
424,77,5.0
28,77,2.0
386,77,0.5
119,78,3.0
998,78,2.5
890,78,3.5
24,78,1.0
350,78,4.5
295,78,0.5
703,78,4.5
36,78,2.5
629,78,0.5
348,78,4.0
447,79,0.5
357,79,0.5
870,79,0.5
350,79,1.0
231,79,1.5
400,79,5.0
249,79,4.0
264,79,0.5
3,79,2.0
231,79,2.5
902,80,0.5
760,80,3.0
122,80,4.0
348,80,4.5
415,80,5.0
378,80,4.5
119,80,4.0
28,80,4.0
355,80,4.0
706,80,1.0
249,81,5.0
449,81,2.0
291,81,4.0
320,81,4.5
968,81,0.5
112,81,4.0
24,81,2.0
25,81,1.5
449,81,3.5
264,81,4.0
291,82,4.5
998,82,1.5
771,82,1.5
386,82,4.5
825,82,3.5
27,82,3.5
870,82,2.0
668,82,3.0
348,82,3.5
360,82,0.5
900,83,3.5
599,83,3.0
359,83,3.5
295,83,4.5
968,83,1.0
343,83,1.5
900,83,3.0
50,83,3.0
3,83,1.0
295,83,3.5
295,84,3.5
706,84,3.0
348,84,2.0
830,84,4.0
98,84,1.5
67,84,2.5
320,84,2.0
656,84,0.5
320,84,1.0
26,84,3.0
249,85,0.5
6,85,5.0
355,85,1.5
698,85,0.5
890,85,1.5
960,85,3.5
264,85,4.5
365,85,2.0
105,85,3.0
250,85,1.5
424,86,4.5
249,86,3.5
378,86,3.5
976,86,2.5
275,86,4.0
320,86,3.5
880,86,0.5
29,86,1.0
456,86,3.5
30,86,5.0
343,87,1.5
424,87,2.5
30,87,4.5
231,87,3.5
50,87,2.0
112,87,4.0
2,87,0.5
5,87,1.5
976,87,1.5
902,87,3.5
249,88,2.0
360,88,1.0
295,88,4.5
825,88,1.0
119,88,1.5
870,88,3.0
880,88,3.5
10,88,1.0
27,88,2.0
968,88,5.0
1,89,2.5
432,89,4.0
629,89,1.5
24,89,0.5
28,89,4.5
304,89,1.0
662,89,5.0
320,89,4.5
902,89,0.5
264,89,1.0
360,90,1.5
295,90,4.5
902,90,0.5
27,90,4.5
98,90,2.5
264,90,2.5
106,90,0.5
250,90,1.5
386,90,2.0
386,90,4.0
98,91,4.0
34,91,1.5
830,91,1.0
825,91,2.5
249,91,4.0
112,91,1.0
760,91,1.0
50,91,0.5
36,91,2.0
33,91,4.5
26,92,3.5
67,92,1.5
24,92,0.5
359,92,0.5
930,92,1.0
365,92,4.0
823,92,4.0
706,92,4.5
355,92,0.5
952,92,1.5
36,93,5.0
67,93,2.5
621,93,3.5
359,93,0.5
903,93,3.5
357,93,2.0
264,93,5.0
357,93,1.0
117,93,2.5
21,93,4.0
621,94,0.5
28,94,3.5
343,94,0.5
343,94,2.0
599,94,3.5
304,94,4.5
998,94,3.5
2,94,0.5
998,94,2.5
668,94,4.0
343,95,2.5
446,95,4.0
5,95,3.0
353,95,1.5
2,95,1.5
900,95,1.5
816,95,3.0
378,95,3.5
424,95,3.5
119,95,0.5
6,96,5.0
703,96,4.5
348,96,3.5
360,96,1.5
117,96,1.5
952,96,0.5
8,96,3.5
475,96,5.0
119,96,3.0
698,96,0.5
823,97,3.5
117,97,4.0
998,97,4.5
112,97,1.0
67,97,2.0
6,97,0.5
105,97,1.0
880,97,3.0
112,97,4.0
823,97,2.5
8,98,3.5
320,98,2.0
291,98,3.5
360,98,1.0
6,98,0.5
231,98,1.5
360,98,2.5
275,98,2.0
11,98,3.5
355,98,1.0
112,99,3.5
900,99,1.0
890,99,1.5
295,99,4.0
119,99,4.5
825,99,2.5
30,99,4.0
26,99,3.5
1,99,1.5
621,99,4.0
998,100,1.0
26,100,1.0
431,100,0.5
13,100,3.5
930,100,3.5
890,100,1.0
456,100,2.0
98,100,4.5
386,100,2.0
231,100,4.0
320,101,1.0
6,101,2.0
10,101,4.0
827,101,3.5
976,101,5.0
119,101,0.5
840,101,5.0
903,101,2.0
449,101,3.0
93,101,4.0
998,102,1.0
13,102,3.0
26,102,1.0
431,102,4.0
449,102,3.5
249,102,5.0
400,102,4.0
365,102,1.5
33,102,4.5
34,102,4.0
400,103,4.5
976,103,5.0
900,103,3.0
431,103,5.0
3,103,0.5
365,103,1.5
840,103,1.0
33,103,0.5
432,103,2.5
870,103,1.0
629,104,3.5
291,104,4.0
295,104,2.0
432,104,4.5
998,104,2.0
760,104,2.0
2,104,3.0
350,104,0.5
475,104,5.0
703,104,1.5
250,105,2.0
357,105,0.5
703,105,4.5
119,105,3.5
706,105,4.0
840,105,5.0
822,105,1.0
6,105,3.5
823,105,2.5
998,105,3.0
2,106,2.0
771,106,2.0
291,106,5.0
11,106,3.5
117,106,4.0
840,106,2.0
67,106,1.0
428,106,4.0
415,106,4.0
122,106,5.0
249,107,1.5
668,107,1.5
122,107,3.5
960,107,1.0
870,107,3.5
348,107,0.5
30,107,4.5
34,107,1.5
827,107,1.5
890,107,4.5
386,108,3.5
34,108,5.0
8,108,5.0
475,108,4.5
117,108,5.0
706,108,3.5
706,108,1.0
647,108,3.0
890,108,3.5
10,108,4.5
822,109,1.5
822,109,0.5
249,109,3.0
29,109,2.0
930,109,2.5
98,109,4.0
264,109,4.0
621,109,4.0
275,109,5.0
6,109,4.0
760,110,1.0
10,110,3.5
26,110,0.5
122,110,5.0
599,110,5.0
930,110,3.0
703,110,0.5
320,110,5.0
93,110,3.5
667,110,0.5
355,111,2.5
703,111,3.5
8,111,3.5
976,111,4.5
28,111,1.0
67,111,2.5
350,111,3.5
629,111,2.5
456,111,4.0
449,111,5.0
36,112,5.0
348,112,5.0
665,112,4.0
355,112,4.5
357,112,4.5
25,112,0.5
21,112,3.0
21,112,1.5
647,112,0.5
93,112,0.5
667,113,1.5
676,113,2.5
647,113,4.0
902,113,1.0
822,113,2.0
822,113,5.0
816,113,4.5
621,113,5.0
343,113,3.5
365,113,3.0
350,114,1.0
456,114,1.0
706,114,5.0
26,114,0.5
117,114,0.5
25,114,5.0
599,114,3.5
117,114,4.0
822,114,2.5
291,114,1.0
386,115,1.5
647,115,2.0
447,115,4.5
400,115,4.5
825,115,4.5
960,115,3.5
360,115,4.5
360,115,4.0
816,115,3.5
106,115,2.5
67,116,3.5
360,116,2.5
8,116,3.5
822,116,3.5
424,116,5.0
902,116,1.5
449,116,3.5
275,116,4.5
870,116,0.5
865,116,4.5
264,117,4.0
295,117,2.0
870,117,4.0
360,117,1.0
353,117,4.5
295,117,3.5
231,117,4.0
29,117,3.5
960,117,2.5
400,117,4.5
33,118,4.5
890,118,4.0
760,118,3.0
597,118,2.0
378,118,4.0
119,118,3.0
760,118,1.5
350,118,1.0
870,118,1.5
415,118,4.5
665,119,0.5
11,119,2.5
67,119,0.5
304,119,3.5
264,119,5.0
36,119,2.5
378,119,1.0
30,119,4.0
760,119,2.0
25,119,1.5
360,120,3.0
30,120,1.5
122,120,3.5
432,120,1.0
3,120,0.5
10,120,4.0
122,120,2.5
27,120,4.5
415,120,3.0
900,120,4.5
359,121,4.0
456,121,0.5
386,121,5.0
865,121,2.0
27,121,3.0
621,121,2.0
890,121,4.5
29,121,2.5
24,121,1.5
830,121,4.5
3,122,5.0
13,122,4.0
8,122,1.5
291,122,5.0
249,122,2.0
353,122,1.0
67,122,0.5
13,122,5.0
10,122,5.0
698,122,2.5
25,123,4.5
903,123,1.5
378,123,2.0
400,123,2.0
629,123,2.5
93,123,4.5
249,123,1.0
119,123,1.5
320,123,2.5
275,123,1.5
760,124,4.5
93,124,2.0
599,124,1.5
698,124,5.0
830,124,3.0
900,124,2.0
760,124,2.5
647,124,0.5
415,124,5.0
26,124,4.5
8,125,2.0
250,125,4.5
475,125,3.5
597,125,2.0
304,125,1.5
432,125,2.0
320,125,1.5
21,125,0.5
320,125,2.5
30,125,2.0
25,126,2.0
350,126,3.5
11,126,1.5
6,126,2.0
119,126,2.5
903,126,0.5
830,126,2.0
706,126,1.5
355,126,1.5
365,126,0.5
264,127,3.0
822,127,0.5
930,127,3.0
13,127,3.5
428,127,1.5
880,127,1.5
231,127,1.0
295,127,2.0
822,127,2.0
447,127,1.0
415,128,5.0
830,128,4.5
112,128,3.0
656,128,0.5
865,128,1.5
968,128,4.0
320,128,3.0
8,128,5.0
431,128,3.0
698,128,5.0
432,129,4.0
30,129,3.0
656,129,1.0
29,129,2.5
816,129,2.0
13,129,4.5
24,129,3.0
432,129,2.0
823,129,2.5
656,129,4.0
359,130,4.0
30,130,3.0
428,130,2.0
386,130,4.5
822,130,0.5
415,130,2.5
840,130,2.0
822,130,2.5
291,130,2.5
295,130,0.5
706,131,3.5
432,131,2.0
295,131,4.0
304,131,2.5
11,131,3.0
960,131,5.0
822,131,2.0
706,131,5.0
998,131,1.0
662,131,2.0
960,132,3.5
629,132,3.0
865,132,3.0
446,132,1.0
706,132,5.0
1,132,5.0
447,132,2.5
360,132,3.0
24,132,4.5
10,132,4.5
27,133,2.5
353,133,2.0
816,133,4.0
119,133,1.0
456,133,3.0
117,133,2.0
27,133,0.5
98,133,1.5
415,133,3.5
117,133,2.0
350,134,1.5
656,134,4.5
122,134,0.5
365,134,1.0
816,134,5.0
698,134,5.0
902,134,2.0
952,134,4.0
291,134,2.0
400,134,0.5
343,135,4.5
431,135,2.0
930,135,4.0
355,135,1.5
903,135,4.0
703,135,5.0
386,135,2.0
816,135,4.0
360,135,2.5
24,135,1.5
5,136,3.0
629,136,0.5
968,136,4.5
890,136,3.5
816,136,4.0
11,136,2.5
2,136,1.5
34,136,5.0
930,136,2.0
304,136,4.5
250,137,2.0
446,137,2.0
816,137,4.5
28,137,1.0
900,137,3.5
629,137,1.5
816,137,5.0
825,137,4.5
706,137,2.0
415,137,4.5
890,138,4.5
365,138,2.0
840,138,4.5
357,138,0.5
33,138,0.5
13,138,1.5
106,138,2.0
24,138,2.0
760,138,0.5
665,138,3.5
112,139,1.0
665,139,5.0
656,139,2.5
10,139,4.5
359,139,3.0
656,139,2.5
621,139,2.5
275,139,4.5
275,139,2.5
67,139,1.0
28,140,2.0
8,140,2.5
378,140,3.5
117,140,5.0
2,140,1.5
621,140,5.0
33,140,4.5
840,140,1.5
599,140,2.5
320,140,2.5
291,141,2.5
30,141,2.5
900,141,1.0
6,141,3.0
250,141,4.0
703,141,1.5
668,141,4.0
656,141,0.5
900,141,3.0
304,141,3.5
291,142,4.0
424,142,1.0
822,142,4.5
231,142,1.0
890,142,2.0
105,142,3.0
840,142,2.0
67,142,3.0
960,142,5.0
1,142,1.0
359,143,2.5
106,143,3.0
13,143,2.5
250,143,5.0
26,143,4.5
703,143,3.0
13,143,5.0
355,143,1.5
386,143,2.0
676,143,2.5
665,144,5.0
976,144,5.0
900,144,1.0
647,144,4.0
106,144,4.5
816,144,3.0
11,144,3.5
5,144,5.0
597,144,3.5
106,144,2.0
36,145,3.0
668,145,4.0
350,145,4.0
825,145,1.0
647,145,1.0
976,145,3.0
34,145,1.5
903,145,0.5
24,145,4.0
647,145,3.5
50,146,1.0
25,146,3.0
249,146,4.0
968,146,4.0
291,146,3.5
10,146,3.0
840,146,2.5
647,146,4.0
952,146,2.0
122,146,0.5
360,147,5.0
386,147,0.5
264,147,3.5
825,147,3.5
365,147,5.0
647,147,2.0
930,147,4.0
36,147,1.5
29,147,2.0
447,147,3.5
117,148,5.0
865,148,1.0
10,148,3.5
952,148,4.5
599,148,1.5
825,148,0.5
10,148,2.0
26,148,4.0
117,148,2.5
122,148,0.5
400,149,1.5
830,149,4.0
231,149,3.0
968,149,2.5
360,149,1.5
26,149,4.5
449,149,2.5
112,149,1.5
870,149,0.5
249,149,5.0
676,150,4.5
830,150,2.5
900,150,3.5
475,150,5.0
30,150,4.5
275,150,5.0
275,150,4.5
30,150,2.5
431,150,4.0
21,150,2.0
13,151,3.0
830,151,0.5
880,151,4.5
870,151,2.5
865,151,4.5
119,151,3.0
10,151,4.5
676,151,2.0
355,151,1.5
25,151,5.0
825,152,5.0
827,152,4.0
105,152,1.0
431,152,3.5
447,152,4.0
11,152,2.5
668,152,2.0
275,152,4.5
26,152,0.5
668,152,1.0
249,153,3.5
6,153,3.0
865,153,3.5
1,153,2.0
456,153,3.0
760,153,2.0
29,153,2.0
760,153,1.0
36,153,1.5
291,153,2.0
25,154,4.0
647,154,3.0
28,154,3.0
67,154,4.5
902,154,2.0
231,154,1.5
3,154,2.5
28,154,4.5
11,154,1.5
825,154,2.5
668,155,4.0
952,155,3.0
122,155,5.0
902,155,5.0
823,155,2.0
350,155,1.5
50,155,4.0
29,155,2.0
29,155,1.0
119,155,1.5
264,156,1.5
400,156,4.0
231,156,3.0
2,156,3.0
29,156,2.5
960,156,4.5
386,156,2.5
830,156,3.5
27,156,3.0
870,156,1.0
122,157,3.5
360,157,4.5
119,157,3.0
667,157,1.5
122,157,1.0
432,157,3.5
621,157,4.0
348,157,0.5
840,157,2.5
706,157,1.0
117,158,2.0
27,158,3.0
968,158,0.5
320,158,1.5
36,158,4.5
447,158,1.0
360,158,0.5
656,158,4.5
665,158,4.0
250,158,3.5
231,159,1.0
865,159,1.5
13,159,1.5
264,159,1.5
50,159,5.0
106,159,4.5
822,159,4.5
231,159,4.5
656,159,4.0
890,159,5.0
703,160,1.0
865,160,3.5
28,160,0.5
760,160,1.0
840,160,3.0
365,160,1.0
365,160,4.5
822,160,4.0
667,160,5.0
432,160,2.5
98,161,3.5
952,161,4.5
264,161,0.5
668,161,1.5
599,161,3.5
902,161,3.5
930,161,3.5
8,161,2.0
2,161,1.5
446,161,2.0
449,162,3.5
105,162,5.0
93,162,1.5
24,162,5.0
870,162,2.0
304,162,5.0
25,162,5.0
840,162,3.5
350,162,5.0
34,162,1.0
29,163,3.0
475,163,3.5
698,163,2.5
703,163,3.5
706,163,2.0
447,163,1.5
343,163,3.5
122,163,2.0
50,163,5.0
28,163,4.0
264,164,4.5
249,164,1.5
698,164,1.0
703,164,0.5
304,164,1.5
446,164,4.0
50,164,3.5
676,164,1.5
597,164,2.0
353,164,3.0
822,165,4.0
231,165,3.0
998,165,0.5
2,165,1.5
3,165,3.0
647,165,0.5
350,165,2.0
968,165,2.0
930,165,1.0
456,165,2.0
6,166,2.5
698,166,4.5
36,166,4.0
122,166,3.0
446,166,0.5
122,166,4.0
880,166,5.0
890,166,2.5
291,166,2.5
343,166,1.0
11,167,2.5
295,167,1.0
816,167,1.0
431,167,5.0
117,167,5.0
621,167,1.0
8,167,5.0
952,167,1.5
13,167,5.0
291,167,2.5
676,168,1.0
456,168,2.5
98,168,3.5
353,168,2.5
816,168,4.5
122,168,0.5
350,168,4.0
424,168,1.5
432,168,4.5
816,168,5.0
930,169,5.0
264,169,2.0
816,169,2.0
825,169,1.0
667,169,2.0
365,169,2.5
902,169,5.0
976,169,4.0
456,169,5.0
106,169,4.0
449,170,2.0
930,170,4.5
621,170,2.5
621,170,3.5
10,170,4.0
475,170,4.5
117,170,5.0
249,170,5.0
827,170,1.0
13,170,1.0
359,171,4.5
647,171,3.5
998,171,2.5
952,171,5.0
428,171,3.0
30,171,3.5
599,171,1.0
771,171,2.5
698,171,3.0
291,171,4.0
34,172,2.5
28,172,4.5
447,172,2.0
952,172,1.0
428,172,2.0
106,172,4.5
357,172,3.0
816,172,2.0
93,172,2.0
295,172,2.5
3,173,1.0
98,173,3.0
840,173,2.5
825,173,2.5
880,173,2.5
386,173,5.0
903,173,4.0
386,173,3.0
36,173,4.0
665,173,2.0
665,174,3.5
386,174,3.5
599,174,4.0
968,174,3.5
10,174,5.0
231,174,3.0
880,174,4.5
10,174,5.0
647,174,3.5
50,174,2.0
264,175,3.0
1,175,4.5
599,175,1.5
760,175,1.0
976,175,2.5
597,175,1.0
880,175,4.5
830,175,5.0
400,175,4.0
830,175,5.0
378,176,1.0
456,176,1.5
698,176,4.0
647,176,3.0
105,176,4.0
357,176,1.5
676,176,1.5
930,176,3.5
353,176,5.0
629,176,1.5
976,177,5.0
870,177,3.0
432,177,1.5
968,177,5.0
360,177,3.0
703,177,3.0
106,177,3.5
431,177,3.5
36,177,1.0
33,177,5.0
432,178,1.5
122,178,0.5
105,178,5.0
25,178,4.5
825,178,4.5
976,178,5.0
827,178,2.5
475,178,4.5
475,178,1.0
447,178,2.0
112,179,1.5
119,179,5.0
29,179,2.5
870,179,3.5
28,179,3.0
870,179,0.5
599,179,5.0
6,179,1.0
647,179,5.0
21,179,3.5
760,180,2.0
5,180,0.5
3,180,4.0
25,180,3.5
353,180,0.5
29,180,1.0
827,180,1.5
629,180,3.5
67,180,5.0
424,180,5.0
320,181,4.0
902,181,3.0
432,181,3.0
105,181,2.0
865,181,4.0
29,181,3.0
231,181,3.0
264,181,2.5
386,181,3.0
264,181,2.0
998,182,4.0
93,182,3.0
386,182,1.0
822,182,4.0
424,182,2.0
264,182,2.0
599,182,1.5
26,182,3.5
840,182,3.0
348,182,1.0
106,183,3.5
903,183,2.0
29,183,1.5
275,183,1.0
36,183,0.5
400,183,1.0
29,183,3.0
250,183,2.5
428,183,1.0
275,183,2.0
365,184,2.0
446,184,2.5
36,184,3.0
968,184,3.0
930,184,5.0
456,184,3.0
698,184,4.5
823,184,1.5
34,184,4.5
703,184,2.5
656,185,3.0
291,185,2.0
8,185,0.5
840,185,1.5
976,185,3.0
428,185,4.0
428,185,1.5
67,185,4.5
976,185,5.0
968,185,3.0
840,186,5.0
865,186,2.5
264,186,5.0
902,186,4.5
106,186,4.0
415,186,3.0
667,186,3.0
668,186,2.0
378,186,2.0
865,186,2.0
93,187,5.0
3,187,1.0
621,187,4.5
599,187,4.5
13,187,1.0
36,187,3.5
98,187,1.0
25,187,3.0
112,187,4.0
105,187,0.5
960,188,1.5
597,188,3.0
21,188,1.5
424,188,1.0
21,188,4.0
475,188,2.0
264,188,1.0
3,188,3.5
703,188,2.0
760,188,3.5
26,189,4.5
475,189,2.0
823,189,0.5
264,189,3.5
378,189,3.0
428,189,3.5
264,189,4.5
825,189,2.0
698,189,4.5
599,189,3.5
365,190,4.5
360,190,3.0
33,190,3.0
6,190,5.0
825,190,5.0
365,190,2.5
698,190,5.0
676,190,4.5
597,190,1.0
998,190,0.5
29,191,3.0
295,191,0.5
827,191,3.0
870,191,3.5
119,191,3.0
320,191,4.5
676,191,1.5
117,191,3.0
343,191,1.5
5,191,1.5
2,192,3.5
667,192,1.0
621,192,2.0
291,192,4.0
968,192,4.5
378,192,3.5
760,192,1.0
647,192,2.0
667,192,0.5
304,192,4.5
357,193,2.0
823,193,1.0
822,193,5.0
105,193,1.5
400,193,1.0
30,193,3.0
304,193,1.5
825,193,2.5
304,193,4.0
11,193,4.0
33,194,1.5
3,194,3.5
350,194,5.0
900,194,1.0
28,194,2.0
5,194,2.5
424,194,2.0
703,194,5.0
24,194,3.5
400,194,4.5
320,195,4.0
98,195,4.0
830,195,4.5
50,195,4.0
359,195,1.0
36,195,1.5
365,195,0.5
432,195,2.0
760,195,3.5
365,195,3.5
447,196,5.0
662,196,4.0
359,196,4.5
662,196,1.5
865,196,3.0
621,196,2.5
830,196,0.5
25,196,2.0
36,196,1.0
28,196,0.5
360,197,4.0
998,197,1.0
295,197,1.5
304,197,4.0
698,197,5.0
400,197,3.0
431,197,4.5
386,197,0.5
117,197,2.5
676,197,3.0
295,198,2.0
25,198,2.5
662,198,2.0
428,198,1.5
1,198,4.5
30,198,1.0
880,198,5.0
231,198,1.5
823,198,4.5
343,198,4.5
295,199,3.5
359,199,0.5
428,199,5.0
122,199,3.0
320,199,3.0
119,199,3.5
446,199,5.0
865,199,3.5
703,199,4.0
353,199,2.5
350,200,1.5
703,200,3.0
599,200,4.5
400,200,2.5
830,200,2.5
348,200,3.0
597,200,3.5
930,200,2.0
378,200,3.5
428,200,1.5
930,201,4.0
28,201,2.0
822,201,1.0
304,201,1.0
357,201,4.0
295,201,4.0
10,201,1.0
597,201,2.0
816,201,4.0
656,201,4.0
432,202,2.5
27,202,2.5
3,202,0.5
599,202,2.0
10,202,3.0
10,202,3.0
998,202,2.0
865,202,3.5
350,202,5.0
98,202,3.0
447,203,1.5
304,203,2.5
21,203,2.0
475,203,4.5
760,203,1.5
33,203,0.5
827,203,4.5
930,203,1.0
903,203,0.5
34,203,3.5
50,204,3.5
117,204,1.5
106,204,2.0
355,204,2.5
998,204,4.0
447,204,1.0
998,204,1.5
67,204,4.0
348,204,1.0
8,204,5.0
1,205,3.5
275,205,2.5
960,205,3.5
295,205,2.0
665,205,4.0
295,205,5.0
50,205,1.0
880,205,2.5
105,205,1.5
275,205,1.5
10,206,3.0
998,206,2.5
599,206,1.5
597,206,1.5
703,206,2.0
30,206,1.0
11,206,0.5
880,206,1.5
357,206,2.5
431,206,2.0
8,207,4.5
105,207,5.0
355,207,2.5
432,207,0.5
378,207,2.0
10,207,3.0
34,207,0.5
30,207,4.5
890,207,2.5
106,207,2.0
599,208,3.0
428,208,2.0
6,208,3.0
822,208,4.0
105,208,4.0
900,208,0.5
902,208,1.0
29,208,3.5
960,208,4.0
667,208,3.5
647,209,1.0
976,209,1.0
822,209,3.5
36,209,3.0
353,209,3.5
106,209,5.0
621,209,3.0
34,209,3.5
11,209,5.0
656,209,5.0
34,210,2.0
13,210,4.5
998,210,2.5
275,210,1.5
122,210,3.0
264,210,5.0
34,210,4.5
275,210,2.5
870,210,1.5
449,210,4.5
50,211,4.5
105,211,0.5
621,211,1.5
822,211,1.0
415,211,4.5
676,211,1.0
291,211,1.5
343,211,4.0
656,211,0.5
36,211,1.0
386,212,2.0
446,212,1.5
275,212,2.0
24,212,5.0
662,212,4.0
106,212,3.0
353,212,1.5
353,212,5.0
249,212,2.5
34,212,0.5
26,213,4.5
930,213,1.5
249,213,1.0
355,213,1.5
823,213,2.0
231,213,3.5
359,213,2.5
865,213,4.5
771,213,3.0
5,213,2.0
830,214,4.0
295,214,4.5
231,214,5.0
431,214,4.5
599,214,3.0
900,214,4.5
667,214,2.0
621,214,4.0
662,214,3.5
5,214,1.5
304,215,3.0
823,215,2.0
112,215,2.0
597,215,5.0
360,215,3.0
2,215,0.5
29,215,4.5
428,215,5.0
119,215,1.0
67,215,4.0
629,216,4.0
119,216,2.5
424,216,0.5
446,216,4.0
30,216,4.0
28,216,5.0
122,216,0.5
816,216,3.0
231,216,1.5
827,216,4.0
264,217,4.0
822,217,4.5
106,217,2.0
930,217,2.5
976,217,5.0
902,217,4.5
771,217,4.0
117,217,1.5
698,217,4.5
902,217,3.5
830,218,4.5
117,218,1.0
662,218,3.0
27,218,4.0
36,218,3.5
378,218,2.0
21,218,2.0
357,218,0.5
968,218,3.0
320,218,2.0
400,219,4.5
250,219,3.0
34,219,5.0
447,219,3.0
432,219,0.5
415,219,3.0
320,219,1.5
760,219,5.0
865,219,4.5
902,219,3.0
870,220,1.5
900,220,2.5
33,220,3.0
703,220,3.5
348,220,2.0
117,220,2.5
378,220,4.5
119,220,3.5
446,220,4.0
840,220,4.0
400,221,4.0
760,221,4.0
25,221,2.0
432,221,3.0
350,221,5.0
106,221,2.5
870,221,2.0
830,221,1.0
105,221,4.5
968,221,2.5
117,222,4.0
36,222,4.5
357,222,3.5
840,222,3.5
8,222,4.5
668,222,1.0
2,222,2.5
117,222,0.5
348,222,4.5
21,222,3.5
67,223,1.5
105,223,3.0
656,223,0.5
902,223,5.0
29,223,1.0
890,223,5.0
386,223,4.0
117,223,1.0
93,223,2.5
21,223,1.0
231,224,4.5
400,224,3.5
11,224,3.0
348,224,2.5
106,224,2.0
353,224,4.0
424,224,5.0
2,224,5.0
665,224,0.5
386,224,4.5
771,225,0.5
250,225,3.5
34,225,5.0
998,225,5.0
597,225,5.0
830,225,3.5
343,225,2.5
880,225,0.5
122,225,5.0
830,225,4.0
930,226,4.5
431,226,2.0
667,226,2.0
67,226,4.0
968,226,0.5
656,226,1.5
386,226,3.0
703,226,5.0
291,226,4.0
67,226,2.0
621,227,3.0
428,227,2.5
1,227,1.0
1,227,3.0
67,227,3.0
668,227,4.0
976,227,4.5
3,227,1.0
24,227,1.0
656,227,1.5
952,228,0.5
816,228,4.0
3,228,2.0
703,228,3.0
291,228,4.0
830,228,1.0
275,228,2.5
21,228,1.5
449,228,3.0
446,228,2.5
21,229,2.0
275,229,5.0
295,229,3.0
830,229,1.0
816,229,1.5
357,229,1.0
27,229,3.0
320,229,4.5
28,229,0.5
825,229,3.0
291,230,3.5
597,230,2.0
880,230,3.0
343,230,2.5
67,230,4.5
870,230,4.5
475,230,3.0
865,230,1.0
662,230,3.5
106,230,4.5
378,231,1.0
98,231,5.0
343,231,3.0
960,231,1.5
36,231,0.5
359,231,5.0
952,231,1.5
668,231,4.5
599,231,4.5
432,231,0.5
822,232,2.5
475,232,3.0
446,232,1.0
386,232,3.5
597,232,5.0
968,232,0.5
647,232,0.5
952,232,4.0
106,232,5.0
350,232,4.0
1,233,3.5
840,233,1.5
119,233,2.0
360,233,2.5
10,233,2.5
432,233,2.5
880,233,3.5
930,233,3.5
400,233,2.0
33,233,3.0
275,234,1.0
998,234,4.5
25,234,4.5
350,234,4.5
249,234,3.0
446,234,4.0
424,234,4.0
667,234,1.0
968,234,2.5
304,234,2.5
960,235,4.0
24,235,1.0
36,235,5.0
952,235,2.0
106,235,5.0
1,235,1.0
446,235,2.5
112,235,1.0
816,235,2.5
98,235,3.5
350,236,3.0
29,236,1.5
900,236,0.5
827,236,1.5
446,236,0.5
703,236,0.5
117,236,2.0
295,236,2.5
400,236,2.5
264,236,1.0
830,237,3.0
119,237,1.5
355,237,4.5
880,237,0.5
386,237,2.0
432,237,1.0
662,237,3.0
386,237,1.5
30,237,3.0
93,237,1.5
706,238,0.5
968,238,2.0
29,238,1.0
930,238,2.5
475,238,4.0
13,238,4.5
890,238,4.5
264,238,2.5
13,238,3.0
960,238,1.0
29,239,2.0
295,239,5.0
823,239,4.5
355,239,3.5
903,239,2.5
656,239,3.0
890,239,1.5
1,239,4.0
28,239,2.0
119,239,4.0
952,240,5.0
703,240,4.0
1,240,2.5
823,240,3.5
98,240,2.5
36,240,3.0
26,240,2.0
825,240,3.5
668,240,3.0
5,240,1.0
698,241,1.0
117,241,0.5
105,241,4.0
360,241,4.5
360,241,1.5
250,241,3.0
825,241,1.5
275,241,3.0
386,241,4.0
900,241,3.0
840,242,3.5
976,242,5.0
662,242,3.5
1,242,1.5
27,242,5.0
900,242,2.0
647,242,3.5
320,242,4.0
353,242,4.5
432,242,2.0
447,243,4.0
355,243,2.0
67,243,1.0
870,243,2.0
668,243,3.5
357,243,1.0
249,243,1.0
960,243,2.0
106,243,3.0
976,243,2.0
449,244,2.0
50,244,5.0
952,244,3.0
415,244,4.0
357,244,5.0
676,244,5.0
250,244,2.0
621,244,3.5
629,244,1.5
27,244,1.0
656,245,2.0
668,245,3.5
823,245,1.5
8,245,1.5
830,245,2.0
67,245,5.0
30,245,3.0
378,245,4.0
98,245,2.5
359,245,1.5
359,246,1.5
29,246,5.0
13,246,3.0
771,246,3.5
432,246,3.5
10,246,5.0
386,246,3.5
50,246,4.0
50,246,2.5
26,246,4.0
304,247,1.0
5,247,1.0
825,247,0.5
968,247,3.0
343,247,3.0
30,247,2.5
900,247,2.5
998,247,4.0
890,247,4.0
676,247,4.0
112,248,0.5
343,248,3.5
291,248,2.5
822,248,1.5
771,248,4.0
106,248,3.5
930,248,5.0
1,248,4.5
359,248,5.0
119,248,4.5
28,249,3.0
903,249,3.0
865,249,4.5
264,249,0.5
304,249,1.5
706,249,1.0
6,249,4.0
930,249,5.0
67,249,4.0
34,249,2.0
621,250,1.5
431,250,3.5
33,250,2.0
320,250,4.5
6,250,3.5
320,250,5.0
449,250,4.5
291,250,1.0
870,250,4.0
597,250,3.0
348,251,3.0
93,251,2.5
706,251,1.0
343,251,3.5
960,251,3.5
890,251,4.0
348,251,3.5
291,251,4.5
703,251,2.5
8,251,2.0
665,252,4.0
840,252,3.5
27,252,3.0
903,252,2.0
597,252,2.5
357,252,3.5
647,252,4.5
665,252,4.0
13,252,1.0
24,252,3.0
8,253,3.5
822,253,2.0
656,253,3.0
67,253,2.5
647,253,1.5
105,253,3.0
952,253,2.5
703,253,0.5
34,253,3.0
93,253,0.5
378,254,2.0
353,254,5.0
823,254,5.0
320,254,5.0
599,254,4.0
760,254,4.0
771,254,3.0
968,254,1.0
456,254,2.5
998,254,1.5
13,255,2.0
11,255,4.0
117,255,1.5
378,255,3.0
365,255,4.0
825,255,0.5
456,255,5.0
827,255,4.5
365,255,1.0
432,255,2.0
698,256,1.5
599,256,4.0
822,256,3.0
350,256,3.5
33,256,1.5
446,256,1.0
28,256,3.5
33,256,2.5
295,256,1.5
424,256,1.5
400,257,3.0
359,257,3.0
350,257,3.0
304,257,5.0
902,257,2.0
34,257,4.5
353,257,2.5
830,257,4.5
264,257,3.5
249,257,0.5
880,258,2.5
656,258,5.0
816,258,1.0
597,258,1.5
5,258,3.5
250,258,0.5
830,258,0.5
475,258,1.5
760,258,4.5
106,258,4.5
5,259,2.5
880,259,4.0
930,259,4.5
250,259,2.0
424,259,2.0
952,259,4.5
976,259,1.5
760,259,0.5
105,259,4.0
960,259,0.5
30,260,3.5
900,260,4.0
629,260,1.0
665,260,5.0
662,260,4.0
348,260,1.5
343,260,3.0
647,260,1.5
760,260,0.5
250,260,1.5
67,261,2.0
823,261,5.0
304,261,4.5
119,261,4.0
449,261,2.5
930,261,3.5
11,261,4.0
2,261,3.0
122,261,3.5
827,261,4.0
903,262,5.0
359,262,1.0
629,262,4.5
28,262,1.5
3,262,2.5
26,262,2.0
26,262,2.0
11,262,3.0
668,262,0.5
880,262,0.5
67,263,0.5
668,263,4.0
647,263,5.0
30,263,0.5
823,263,1.0
343,263,3.5
870,263,1.0
902,263,1.5
870,263,4.0
355,263,1.0
249,264,1.5
431,264,4.0
424,264,4.5
676,264,4.5
998,264,2.5
428,264,1.5
960,264,4.5
880,264,2.0
33,264,2.0
621,264,2.5
28,265,0.5
30,265,4.0
26,265,0.5
976,265,2.5
249,265,0.5
105,265,2.0
378,265,1.0
647,265,1.5
968,265,2.5
386,265,4.0
378,266,4.0
264,266,4.0
760,266,1.5
231,266,2.0
823,266,0.5
50,266,2.0
122,266,4.0
34,266,4.5
647,266,3.5
668,266,2.0
231,267,3.5
8,267,3.0
706,267,4.5
870,267,4.5
865,267,1.0
365,267,3.0
231,267,3.5
21,267,2.0
8,267,1.0
676,267,3.0
386,268,4.5
665,268,3.0
952,268,2.0
275,268,0.5
33,268,1.0
976,268,2.0
13,268,2.0
830,268,0.5
449,268,5.0
890,268,3.5
360,269,1.5
656,269,1.0
30,269,3.5
597,269,2.5
249,269,2.5
360,269,1.0
428,269,1.0
902,269,5.0
264,269,0.5
8,269,1.5
816,270,2.5
98,270,4.0
119,270,3.0
29,270,3.5
930,270,4.5
365,270,3.0
343,270,0.5
475,270,2.0
106,270,5.0
827,270,3.5
6,271,5.0
291,271,1.5
902,271,3.0
432,271,1.0
665,271,1.0
122,271,4.5
668,271,0.5
359,271,1.0
10,271,3.0
823,271,1.5
21,272,2.5
29,272,2.0
359,272,3.0
840,272,0.5
231,272,3.0
343,272,3.0
902,272,4.0
456,272,5.0
968,272,1.0
823,272,2.0
1,273,4.5
840,273,5.0
24,273,2.5
865,273,3.0
26,273,1.5
27,273,1.5
378,273,3.5
890,273,4.5
29,273,1.5
348,273,4.0
264,274,3.5
27,274,1.0
976,274,5.0
665,274,4.5
36,274,2.0
597,274,4.5
900,274,1.5
475,274,0.5
665,274,3.0
400,274,5.0
343,275,2.0
11,275,3.5
21,275,4.0
431,275,4.0
968,275,0.5
2,275,4.0
676,275,2.0
415,275,1.0
304,275,3.0
26,275,0.5
291,276,4.0
816,276,3.5
11,276,1.5
703,276,2.5
865,276,0.5
771,276,4.5
771,276,0.5
930,276,3.5
67,276,2.5
348,276,4.5
865,277,3.0
117,277,1.0
599,277,2.5
3,277,1.0
295,277,1.5
446,277,1.0
30,277,1.5
36,277,1.0
960,277,1.0
629,277,4.5
870,278,5.0
25,278,3.0
10,278,2.5
903,278,4.0
822,278,3.0
365,278,0.5
771,278,3.0
865,278,3.5
597,278,0.5
360,278,4.0
400,279,3.5
698,279,2.0
304,279,1.0
823,279,4.0
475,279,3.5
350,279,2.5
353,279,1.0
698,279,4.5
662,279,1.0
676,279,3.0
365,280,2.5
998,280,2.0
29,280,4.0
816,280,0.5
760,280,3.5
771,280,3.0
365,280,4.0
231,280,4.5
668,280,2.0
827,280,0.5
348,281,2.0
24,281,2.5
264,281,3.5
870,281,5.0
629,281,4.0
10,281,0.5
348,281,4.0
112,281,4.5
475,281,0.5
665,281,5.0
880,282,4.0
28,282,2.0
30,282,1.0
106,282,3.5
33,282,3.0
902,282,0.5
11,282,3.0
667,282,1.5
249,282,1.5
703,282,1.0
446,283,4.0
117,283,4.0
93,283,4.5
870,283,4.5
231,283,0.5
355,283,2.0
703,283,1.0
106,283,3.5
348,283,5.0
825,283,5.0
825,284,4.5
231,284,2.5
359,284,1.0
903,284,3.5
431,284,5.0
6,284,1.0
359,284,4.5
275,284,1.5
291,284,4.0
703,284,2.0
816,285,0.5
291,285,5.0
355,285,2.0
668,285,4.0
952,285,1.0
355,285,0.5
359,285,5.0
840,285,1.5
415,285,1.0
900,285,3.0
760,286,2.5
360,286,3.0
698,286,5.0
698,286,3.0
703,286,0.5
30,286,3.5
343,286,3.5
249,286,1.0
456,286,3.5
865,286,1.0
823,287,4.0
2,287,1.5
400,287,4.5
952,287,1.0
698,287,4.5
5,287,5.0
449,287,4.0
93,287,3.5
865,287,1.0
355,287,5.0
698,288,1.5
365,288,3.0
428,288,2.0
865,288,2.0
250,288,1.5
250,288,4.5
24,288,1.0
706,288,0.5
67,288,3.0
27,288,2.5
360,289,5.0
668,289,0.5
930,289,1.5
599,289,1.5
698,289,2.5
264,289,3.0
355,289,1.0
665,289,4.5
5,289,5.0
386,289,2.0
295,290,5.0
629,290,5.0
621,290,2.5
6,290,2.0
320,290,0.5
365,290,1.0
599,290,3.0
3,290,2.5
823,290,4.5
827,290,4.0
827,291,0.5
446,291,0.5
67,291,4.0
365,291,1.0
359,291,2.0
825,291,3.5
447,291,2.5
400,291,4.5
760,291,0.5
656,291,1.0
656,292,1.0
249,292,1.0
304,292,0.5
668,292,2.0
112,292,1.5
98,292,0.5
656,292,2.5
447,292,3.0
21,292,4.0
676,292,4.0
2,293,0.5
930,293,0.5
343,293,3.5
656,293,3.5
903,293,1.5
249,293,3.5
348,293,2.5
117,293,1.0
50,293,0.5
656,293,0.5
117,294,0.5
424,294,3.0
6,294,3.0
706,294,0.5
21,294,3.0
880,294,2.5
348,294,4.0
353,294,1.5
976,294,1.0
446,294,4.5
25,295,2.0
33,295,3.5
357,295,2.5
295,295,1.5
360,295,1.5
2,295,1.5
667,295,2.0
264,295,4.0
117,295,2.0
304,295,1.5
827,296,0.5
900,296,4.5
360,296,2.5
827,296,4.0
827,296,4.5
698,296,0.5
840,296,1.5
432,296,1.0
424,296,4.0
1,296,3.0
976,297,3.5
415,297,3.0
5,297,0.5
320,297,1.5
112,297,1.0
880,297,2.0
900,297,5.0
30,297,3.5
350,297,0.5
952,297,1.0
24,298,5.0
667,298,4.5
415,298,3.5
355,298,4.0
870,298,4.5
446,298,1.0
25,298,2.0
359,298,3.5
668,298,3.5
11,298,2.0
33,299,4.0
822,299,4.5
952,299,1.0
5,299,0.5
865,299,4.0
840,299,1.5
33,299,0.5
117,299,2.5
386,299,4.0
998,299,2.5
28,300,1.0
668,300,1.5
432,300,2.5
353,300,1.0
827,300,3.0
703,300,2.0
112,300,4.0
3,300,4.0
760,300,2.5
840,300,2.5
93,5,4.5
67,5,3.5
291,5,5.0
250,5,4.5
1,301,5.0
